{
    "test_Accuracy": 0.809715700293679,
    "test_Macro F1 Score": 0.7863185142993588,
    "test_Micro F1 Score": 0.809715700293679,
    "test_Balanced Accuracy Score": 0.7828986392215305,
    "test_Matthews Correlation Coefficient": 0.7083456308782676,
    "test_Macro Precision": 0.7909484046596856,
    "test_Micro Precision": 0.809715700293679,
    "test_Macro Recall": 0.7828986392215305,
    "test_Micro Recall": 0.809715700293679,
    "test_Cohen Kappa": 0.7077110205749484
}
