{
    "test_Accuracy": 0.8111179789965712,
    "test_Macro F1 Score": 0.7913859594394037,
    "test_Micro F1 Score": 0.8111179789965712,
    "test_Balanced Accuracy Score": 0.7871280544466195,
    "test_Matthews Correlation Coefficient": 0.7107936606004664,
    "test_Macro Precision": 0.796637953357814,
    "test_Micro Precision": 0.8111179789965712,
    "test_Macro Recall": 0.7871280544466195,
    "test_Micro Recall": 0.8111179789965712,
    "test_Cohen Kappa": 0.7102397528816532
}
