{
    "test_Accuracy": 0.8026983101926597,
    "test_Macro F1 Score": 0.780733729460467,
    "test_Micro F1 Score": 0.8026983101926597,
    "test_Balanced Accuracy Score": 0.7779766068060898,
    "test_Matthews Correlation Coefficient": 0.697795691089282,
    "test_Macro Precision": 0.7846748181457783,
    "test_Micro Precision": 0.8026983101926597,
    "test_Macro Recall": 0.7779766068060898,
    "test_Micro Recall": 0.8026983101926597,
    "test_Cohen Kappa": 0.6972255972371774
}
