{
    "test_Accuracy": 0.8037534019096823,
    "test_Macro F1 Score": 0.7780784419881215,
    "test_Micro F1 Score": 0.8037534019096823,
    "test_Balanced Accuracy Score": 0.7760607342739902,
    "test_Matthews Correlation Coefficient": 0.6996188686723794,
    "test_Macro Precision": 0.7813440733535085,
    "test_Micro Precision": 0.8037534019096823,
    "test_Macro Recall": 0.7760607342739902,
    "test_Micro Recall": 0.8037534019096823,
    "test_Cohen Kappa": 0.6990750983184209
}
