{
    "Accuracy (test)": 0.8188347964884277,
    "BA (test)": 0.7820202423207933,
    "Kappa (test)": 0.7169035168217026,
    "CCC (test)": 0.8617099747604416
}
