{
    "test_Accuracy": 0.8041039715854053,
    "test_Macro F1 Score": 0.7785341731145402,
    "test_Micro F1 Score": 0.8041039715854053,
    "test_Balanced Accuracy Score": 0.7715744536310524,
    "test_Matthews Correlation Coefficient": 0.6994310161795015,
    "test_Macro Precision": 0.7870891288433456,
    "test_Micro Precision": 0.8041039715854053,
    "test_Macro Recall": 0.7715744536310524,
    "test_Micro Recall": 0.8041039715854053,
    "test_Cohen Kappa": 0.6988260978314558
}
