{
    "test_Accuracy": 0.8025256392515029,
    "test_Macro F1 Score": 0.7790569002469016,
    "test_Micro F1 Score": 0.8025256392515029,
    "test_Balanced Accuracy Score": 0.7759875785501462,
    "test_Matthews Correlation Coefficient": 0.6973711204271928,
    "test_Macro Precision": 0.7839041118746968,
    "test_Micro Precision": 0.8025256392515029,
    "test_Macro Recall": 0.7759875785501462,
    "test_Micro Recall": 0.8025256392515029,
    "test_Cohen Kappa": 0.6968037015907436
}
