{
    "Accuracy (test)": 0.8204309656823623,
    "BA (test)": 0.7806153489640214,
    "Kappa (test)": 0.7189462665736217,
    "CCC (test)": 0.8658521760531552
}
