{
    "test_Accuracy": 0.8109425404000798,
    "test_Macro F1 Score": 0.7909836410116214,
    "test_Micro F1 Score": 0.8109425404000798,
    "test_Balanced Accuracy Score": 0.786946508322394,
    "test_Matthews Correlation Coefficient": 0.7105123973953789,
    "test_Macro Precision": 0.7959672953954536,
    "test_Micro Precision": 0.8109425404000798,
    "test_Macro Recall": 0.786946508322394,
    "test_Micro Recall": 0.8109425404000798,
    "test_Cohen Kappa": 0.7099586741335069
}
