{
    "test_Accuracy": 0.7030839368359548,
    "test_Macro F1 Score": 0.67237952040975,
    "test_Micro F1 Score": 0.7030839368359548,
    "test_Balanced Accuracy Score": 0.667983267677377,
    "test_Matthews Correlation Coefficient": 0.5430114231126184,
    "test_Macro Precision": 0.6795635214377713,
    "test_Micro Precision": 0.7030839368359548,
    "test_Macro Recall": 0.667983267677377,
    "test_Micro Recall": 0.7030839368359548,
    "test_Cohen Kappa": 0.5420825742269322
}
