{
    "test_Accuracy": 0.8048061872472594,
    "test_Macro F1 Score": 0.7835616081360364,
    "test_Micro F1 Score": 0.804806187247259,
    "test_Balanced Accuracy Score": 0.7785801519408982,
    "test_Matthews Correlation Coefficient": 0.7007791476108981,
    "test_Macro Precision": 0.7899659262465778,
    "test_Micro Precision": 0.8048061872472594,
    "test_Macro Recall": 0.7785801519408982,
    "test_Micro Recall": 0.8048061872472594,
    "test_Cohen Kappa": 0.700239442320281
}
