{
    "Accuracy (test)": 0.7118914604948124,
    "BA (test)": 0.6523928907485264,
    "Kappa (test)": 0.543984676260806,
    "CCC (test)": 0.749720443398111
}
