{
    "test_Accuracy": 0.8027007703307347,
    "test_Macro F1 Score": 0.7807470276337939,
    "test_Micro F1 Score": 0.8027007703307347,
    "test_Balanced Accuracy Score": 0.7786375053023937,
    "test_Matthews Correlation Coefficient": 0.6979814896824229,
    "test_Macro Precision": 0.7844728710466918,
    "test_Micro Precision": 0.8027007703307347,
    "test_Macro Recall": 0.7786375053023937,
    "test_Micro Recall": 0.8027007703307347,
    "test_Cohen Kappa": 0.697426718094382
}
