{
    "test_Accuracy": 0.809715700293679,
    "test_Macro F1 Score": 0.7864606622368242,
    "test_Micro F1 Score": 0.809715700293679,
    "test_Balanced Accuracy Score": 0.7831543110212248,
    "test_Matthews Correlation Coefficient": 0.7083909844714781,
    "test_Macro Precision": 0.7909910689326065,
    "test_Micro Precision": 0.809715700293679,
    "test_Macro Recall": 0.7831543110212248,
    "test_Micro Recall": 0.809715700293679,
    "test_Cohen Kappa": 0.7077368868809844
}
