{
    "test_Accuracy": 0.8039266878853576,
    "test_Macro F1 Score": 0.7823145945528027,
    "test_Micro F1 Score": 0.8039266878853576,
    "test_Balanced Accuracy Score": 0.7798403874343072,
    "test_Matthews Correlation Coefficient": 0.6996737616940946,
    "test_Macro Precision": 0.7862261683470118,
    "test_Micro Precision": 0.8039266878853576,
    "test_Macro Recall": 0.7798403874343072,
    "test_Micro Recall": 0.8039266878853576,
    "test_Cohen Kappa": 0.6989522115568766
}
