{
    "Accuracy (test)": 0.8044692737430168,
    "BA (test)": 0.7714066529308272,
    "Kappa (test)": 0.6945811876696302,
    "CCC (test)": 0.855221648853777
}
