{
    "test_Accuracy": 0.8026992327444378,
    "test_Macro F1 Score": 0.7825534999214668,
    "test_Micro F1 Score": 0.8026992327444378,
    "test_Balanced Accuracy Score": 0.7804383999756884,
    "test_Matthews Correlation Coefficient": 0.6978180966529349,
    "test_Macro Precision": 0.7861372079872087,
    "test_Micro Precision": 0.8026992327444378,
    "test_Macro Recall": 0.7804383999756884,
    "test_Micro Recall": 0.8026992327444378,
    "test_Cohen Kappa": 0.6973071553821681
}
