{
    "test_Accuracy": 0.8111179789965712,
    "test_Macro F1 Score": 0.7913213097365677,
    "test_Micro F1 Score": 0.8111179789965712,
    "test_Balanced Accuracy Score": 0.7870394155016692,
    "test_Matthews Correlation Coefficient": 0.7107631921003044,
    "test_Macro Precision": 0.7966213050784402,
    "test_Micro Precision": 0.8111179789965712,
    "test_Macro Recall": 0.7870394155016692,
    "test_Micro Recall": 0.8111179789965712,
    "test_Cohen Kappa": 0.7102055800585572
}
