{
    "test_Accuracy": 0.802701077847994,
    "test_Macro F1 Score": 0.7783988669569654,
    "test_Micro F1 Score": 0.802701077847994,
    "test_Balanced Accuracy Score": 0.7742759405898867,
    "test_Matthews Correlation Coefficient": 0.6974269178062487,
    "test_Macro Precision": 0.7843118593261951,
    "test_Micro Precision": 0.802701077847994,
    "test_Macro Recall": 0.7742759405898867,
    "test_Micro Recall": 0.802701077847994,
    "test_Cohen Kappa": 0.6968284452100395
}
