{
    "test_Accuracy": 0.8032261635684304,
    "test_Macro F1 Score": 0.7739207120359755,
    "test_Micro F1 Score": 0.8032261635684304,
    "test_Balanced Accuracy Score": 0.7713873170978852,
    "test_Matthews Correlation Coefficient": 0.6984866806199942,
    "test_Macro Precision": 0.7781268058364865,
    "test_Micro Precision": 0.8032261635684304,
    "test_Macro Recall": 0.7713873170978852,
    "test_Micro Recall": 0.8032261635684304,
    "test_Cohen Kappa": 0.6979642141367628
}
